09/09/2020 21:30,1.18021,1.18021,1.18017
09/09/2020 21:29,1.18023,1.18023,1.1802
09/09/2020 21:28,1.18023,1.18023,1.18019
09/09/2020 21:27,1.18023,1.18023,1.18023
09/09/2020 21:26,1.18016,1.18021,1.18021
09/09/2020 21:25,1.18017,1.18018,1.18018
09/09/2020 21:24,1.18012,1.18029,1.1802
09/09/2020 21:23,1.18008,1.1801,1.18006
09/09/2020 21:22,1.18019,1.18022,1.18008
09/09/2020 21:21,1.18015,1.18021,1.18021
09/09/2020 21:20,1.18016,1.18019,1.18015
09/09/2020 21:19,1.18019,1.18019,1.18019
09/09/2020 21:15,1.18016,1.18019,1.18019
09/09/2020 21:14,1.18017,1.18017,1.18017
09/09/2020 21:08,1.18009,1.18018,1.18018
09/09/2020 21:07,1.17996,1.18006,1.18006
09/09/2020 21:06,1.17983,1.18002,1.17997
09/09/2020 21:05,1.18048,1.18048,1.17985
09/09/2020 21:04,1.18006,1.18015,1.18015
09/09/2020 21:03,1.18007,1.18007,1.17978
09/09/2020 21:01,1.18013,1.18013,1.18009
09/09/2020 21:00,1.17975,1.1801,1.18007
09/09/2020 20:58,1.18038,1.18046,1.18028
09/09/2020 20:57,1.18033,1.18039,1.18038
09/09/2020 20:56,1.1804,1.18041,1.18038
09/09/2020 20:55,1.18044,1.18048,1.18043
09/09/2020 20:54,1.18049,1.1805,1.18046
09/09/2020 20:53,1.18047,1.18055,1.18052
09/09/2020 20:52,1.18052,1.18056,1.18049
09/09/2020 20:51,1.18055,1.18058,1.18055
09/09/2020 20:50,1.18052,1.18054,1.18054
09/09/2020 20:49,1.18054,1.18055,1.18053
09/09/2020 20:48,1.18058,1.1806,1.18052
09/09/2020 20:47,1.18055,1.18061,1.18056
09/09/2020 20:46,1.18061,1.18063,1.18054
09/09/2020 20:45,1.18059,1.18063,1.18062
09/09/2020 20:44,1.18056,1.18061,1.1806
09/09/2020 20:43,1.18061,1.18066,1.18056
09/09/2020 20:42,1.1806,1.18064,1.18062
09/09/2020 20:41,1.18061,1.18066,1.18063
09/09/2020 20:40,1.18062,1.18064,1.18062
09/09/2020 20:39,1.18059,1.18065,1.18057
09/09/2020 20:38,1.18054,1.1807,1.18061
09/09/2020 20:37,1.18058,1.18061,1.18054
09/09/2020 20:36,1.18065,1.18066,1.18057
09/09/2020 20:35,1.18081,1.18083,1.18066
09/09/2020 20:34,1.18072,1.18081,1.18081
09/09/2020 20:33,1.18073,1.18079,1.1807
09/09/2020 20:32,1.18067,1.18079,1.18074
09/09/2020 20:31,1.18066,1.1807,1.18066
09/09/2020 20:30,1.1807,1.18072,1.18062
09/09/2020 20:29,1.1806,1.18071,1.18071
09/09/2020 20:28,1.18068,1.18068,1.18064
09/09/2020 20:27,1.18063,1.1807,1.18063
09/09/2020 20:26,1.18066,1.18069,1.18065
09/09/2020 20:25,1.18065,1.18074,1.18071
09/09/2020 20:24,1.18067,1.18069,1.18063
09/09/2020 20:23,1.18056,1.18071,1.18071
09/09/2020 20:22,1.18055,1.1806,1.18056
09/09/2020 20:21,1.18044,1.18062,1.18057
09/09/2020 20:20,1.18043,1.18043,1.18041
09/09/2020 20:19,1.18053,1.18053,1.1804
09/09/2020 20:18,1.18052,1.18056,1.18051
09/09/2020 20:17,1.1805,1.18057,1.18053
09/09/2020 20:16,1.18067,1.18067,1.18048
09/09/2020 20:15,1.18068,1.18071,1.18071
09/09/2020 20:14,1.18067,1.18074,1.18069
09/09/2020 20:13,1.18065,1.18069,1.18069
09/09/2020 20:12,1.1806,1.18063,1.18062
09/09/2020 20:11,1.18043,1.1806,1.18056
09/09/2020 20:10,1.18043,1.18048,1.18048
09/09/2020 20:09,1.1804,1.18043,1.18041
09/09/2020 20:08,1.18039,1.1805,1.18041
09/09/2020 20:07,1.18049,1.18053,1.18042
09/09/2020 20:06,1.18052,1.18057,1.18053
09/09/2020 20:05,1.18054,1.18057,1.18054
09/09/2020 20:04,1.1805,1.18054,1.18051
09/09/2020 20:03,1.18057,1.18058,1.18053
09/09/2020 20:02,1.18063,1.18063,1.18055
09/09/2020 20:01,1.18044,1.18061,1.18061
09/09/2020 20:00,1.18037,1.18058,1.18044
09/09/2020 19:59,1.18057,1.18057,1.18039
09/09/2020 19:58,1.18073,1.1808,1.18056
09/09/2020 19:57,1.18093,1.18096,1.18074
09/09/2020 19:56,1.18094,1.18095,1.18088
09/09/2020 19:55,1.18098,1.18105,1.18092
09/09/2020 19:54,1.18108,1.18109,1.18098
09/09/2020 19:53,1.18098,1.1811,1.18103
09/09/2020 19:52,1.18106,1.18111,1.18097
09/09/2020 19:51,1.18093,1.1811,1.18103
09/09/2020 19:50,1.18085,1.18094,1.18093
09/09/2020 19:49,1.18078,1.18089,1.18084
09/09/2020 19:48,1.18083,1.18087,1.18078
09/09/2020 19:47,1.18084,1.18085,1.18083
09/09/2020 19:46,1.18074,1.18091,1.18082
09/09/2020 19:45,1.18095,1.18095,1.18075
09/09/2020 19:44,1.18094,1.18101,1.18095
09/09/2020 19:43,1.18092,1.18096,1.18096
09/09/2020 19:42,1.18098,1.18101,1.18091
09/09/2020 19:41,1.18097,1.18106,1.18098
09/09/2020 19:40,1.18083,1.18103,1.181
09/09/2020 19:39,1.18108,1.18108,1.18082
09/09/2020 19:38,1.18101,1.18108,1.18105
09/09/2020 19:37,1.18095,1.181,1.181
09/09/2020 19:36,1.18101,1.18109,1.18095
09/09/2020 19:35,1.18071,1.18112,1.18102
09/09/2020 19:34,1.18076,1.18076,1.18071
09/09/2020 19:33,1.18076,1.18079,1.18072
09/09/2020 19:32,1.18083,1.18083,1.18074
09/09/2020 19:31,1.1807,1.18086,1.18079
09/09/2020 19:30,1.18066,1.1807,1.18068
09/09/2020 19:29,1.18059,1.18065,1.18062
09/09/2020 19:28,1.18057,1.18063,1.18059
09/09/2020 19:27,1.18057,1.18061,1.18057
09/09/2020 19:26,1.18049,1.18059,1.18057
09/09/2020 19:25,1.18059,1.18059,1.1805
09/09/2020 19:24,1.1805,1.1806,1.18055
09/09/2020 19:23,1.18045,1.18049,1.18046
09/09/2020 19:22,1.18042,1.18048,1.18047
09/09/2020 19:21,1.1805,1.1805,1.18044
09/09/2020 19:20,1.18047,1.18051,1.18048
09/09/2020 19:19,1.18049,1.1805,1.1805
09/09/2020 19:18,1.1805,1.18051,1.18046
09/09/2020 19:17,1.18049,1.18054,1.18047
09/09/2020 19:16,1.18056,1.18063,1.1805
09/09/2020 19:15,1.18048,1.18063,1.18057
09/09/2020 19:14,1.18059,1.1806,1.18046
09/09/2020 19:13,1.18061,1.18062,1.18059
09/09/2020 19:12,1.18067,1.18067,1.18059
09/09/2020 19:11,1.18058,1.18066,1.18062
09/09/2020 19:10,1.1806,1.1807,1.18063
09/09/2020 19:09,1.18051,1.18062,1.18062
09/09/2020 19:08,1.18063,1.18063,1.18048
09/09/2020 19:07,1.18067,1.18069,1.18061
09/09/2020 19:06,1.18064,1.18077,1.18064
09/09/2020 19:05,1.18077,1.18078,1.18067
09/09/2020 19:04,1.18067,1.18079,1.18075
09/09/2020 19:03,1.18065,1.18073,1.18068
09/09/2020 19:02,1.18077,1.18078,1.18068
09/09/2020 19:01,1.18082,1.18094,1.18075
09/09/2020 19:00,1.18079,1.18086,1.18085
09/09/2020 18:59,1.18085,1.18087,1.18082
09/09/2020 18:58,1.18088,1.18092,1.18087
09/09/2020 18:57,1.18074,1.18089,1.18084
09/09/2020 18:56,1.18074,1.18083,1.18074
09/09/2020 18:55,1.18079,1.18079,1.18073
09/09/2020 18:54,1.18072,1.18081,1.18078
09/09/2020 18:53,1.18069,1.18078,1.18076
09/09/2020 18:52,1.18057,1.18068,1.18067
09/09/2020 18:51,1.18058,1.18062,1.18057
09/09/2020 18:50,1.18062,1.18064,1.18055
09/09/2020 18:49,1.18053,1.18068,1.1806
09/09/2020 18:48,1.18044,1.18051,1.1805
09/09/2020 18:47,1.18039,1.18046,1.18045
09/09/2020 18:46,1.18052,1.18052,1.18039
09/09/2020 18:45,1.18049,1.18057,1.18051
09/09/2020 18:44,1.1805,1.18056,1.18051
09/09/2020 18:43,1.18051,1.18057,1.18051
09/09/2020 18:42,1.18052,1.18058,1.18049
09/09/2020 18:41,1.18047,1.18057,1.18053
09/09/2020 18:40,1.18039,1.18047,1.18043
09/09/2020 18:39,1.18037,1.18043,1.18035
09/09/2020 18:38,1.18046,1.18047,1.18039
09/09/2020 18:37,1.18052,1.18054,1.18044
09/09/2020 18:36,1.18057,1.18057,1.18051
09/09/2020 18:35,1.18051,1.18058,1.18057
09/09/2020 18:34,1.18053,1.18059,1.18052
09/09/2020 18:33,1.18048,1.18058,1.1805
09/09/2020 18:32,1.18046,1.18055,1.18051
09/09/2020 18:31,1.18037,1.18049,1.18045
09/09/2020 18:30,1.18028,1.18042,1.1804
09/09/2020 18:29,1.18017,1.18033,1.18026
09/09/2020 18:28,1.18021,1.18023,1.18018
09/09/2020 18:27,1.18025,1.18035,1.18018
09/09/2020 18:26,1.18025,1.18029,1.18026
09/09/2020 18:25,1.18024,1.1803,1.18026
09/09/2020 18:24,1.18009,1.18025,1.18024
09/09/2020 18:23,1.18004,1.18012,1.18008
09/09/2020 18:22,1.18017,1.18017,1.18005
09/09/2020 18:21,1.18028,1.1803,1.18017
09/09/2020 18:20,1.18018,1.18033,1.18031
09/09/2020 18:19,1.18009,1.18023,1.1802
09/09/2020 18:18,1.18005,1.18015,1.18008
09/09/2020 18:17,1.18012,1.18016,1.18008
09/09/2020 18:16,1.17991,1.18014,1.18011
09/09/2020 18:15,1.18004,1.18007,1.17993
09/09/2020 18:14,1.18003,1.18006,1.18002
09/09/2020 18:13,1.18002,1.18009,1.18008
09/09/2020 18:12,1.18004,1.18012,1.18004
09/09/2020 18:11,1.18016,1.18018,1.18004
09/09/2020 18:10,1.18022,1.18022,1.18013
09/09/2020 18:09,1.18022,1.18029,1.18019
09/09/2020 18:08,1.18023,1.18033,1.18024
09/09/2020 18:07,1.18019,1.18033,1.18026
09/09/2020 18:06,1.18023,1.18027,1.18018
09/09/2020 18:05,1.18025,1.1803,1.18019
09/09/2020 18:04,1.1803,1.18034,1.18021
09/09/2020 18:03,1.18041,1.18047,1.18028
09/09/2020 18:02,1.18041,1.18046,1.18046
09/09/2020 18:01,1.18034,1.18048,1.18036
09/09/2020 18:00,1.18037,1.18041,1.18036
09/09/2020 17:59,1.18052,1.18054,1.18034
09/09/2020 17:58,1.18033,1.18053,1.18053
09/09/2020 17:57,1.18039,1.18039,1.18032
09/09/2020 17:56,1.18039,1.18041,1.18041
09/09/2020 17:55,1.18037,1.18042,1.18038
09/09/2020 17:54,1.18036,1.18044,1.18038
09/09/2020 17:53,1.18039,1.18045,1.18035
09/09/2020 17:52,1.18045,1.1805,1.18039
09/09/2020 17:51,1.18051,1.18056,1.18047
09/09/2020 17:50,1.18045,1.18053,1.1805
09/09/2020 17:49,1.18031,1.18054,1.18039
09/09/2020 17:48,1.18024,1.18042,1.18032
09/09/2020 17:47,1.18023,1.18031,1.18023
09/09/2020 17:46,1.18003,1.18024,1.18024
09/09/2020 17:45,1.18016,1.1802,1.18006
09/09/2020 17:44,1.18024,1.18032,1.18014
09/09/2020 17:43,1.18021,1.18026,1.18023
09/09/2020 17:42,1.18007,1.18022,1.18018
09/09/2020 17:41,1.18021,1.18029,1.18004
09/09/2020 17:40,1.18014,1.18028,1.18026
09/09/2020 17:39,1.1803,1.18035,1.18012
09/09/2020 17:38,1.1803,1.18042,1.18031
09/09/2020 17:37,1.18017,1.18037,1.1803
09/09/2020 17:36,1.18027,1.1803,1.18017
09/09/2020 17:35,1.18016,1.18032,1.1803
09/09/2020 17:34,1.18013,1.18016,1.18014
09/09/2020 17:33,1.18027,1.18028,1.18007
09/09/2020 17:32,1.17996,1.18026,1.18022
09/09/2020 17:31,1.18022,1.18034,1.17996
09/09/2020 17:30,1.18048,1.18058,1.18017
09/09/2020 17:29,1.18046,1.18059,1.1805
09/09/2020 17:28,1.18045,1.18052,1.18043
09/09/2020 17:27,1.18051,1.18054,1.18042
09/09/2020 17:26,1.18054,1.18064,1.18054
09/09/2020 17:25,1.18066,1.18066,1.18057
09/09/2020 17:24,1.18071,1.18077,1.18065
09/09/2020 17:23,1.18068,1.18073,1.18073
09/09/2020 17:22,1.18076,1.18083,1.18065
09/09/2020 17:21,1.18073,1.18078,1.18078
09/09/2020 17:20,1.18043,1.18073,1.18073
09/09/2020 17:19,1.18038,1.18071,1.18044
09/09/2020 17:18,1.18067,1.18076,1.1804
09/09/2020 17:17,1.18068,1.18073,1.18067
09/09/2020 17:16,1.18078,1.1808,1.18073
09/09/2020 17:15,1.18077,1.18078,1.18077
09/09/2020 17:14,1.18083,1.18086,1.18072
09/09/2020 17:13,1.18091,1.18091,1.18082
09/09/2020 17:12,1.18092,1.18099,1.18089
09/09/2020 17:11,1.18083,1.18093,1.18087
09/09/2020 17:10,1.1808,1.18098,1.18085
09/09/2020 17:09,1.18072,1.18082,1.18078
09/09/2020 17:08,1.18069,1.18076,1.18071
09/09/2020 17:07,1.18063,1.18074,1.1807
09/09/2020 17:06,1.18052,1.18066,1.1806
09/09/2020 17:05,1.18038,1.18051,1.18048
09/09/2020 17:04,1.18047,1.18047,1.18041
09/09/2020 17:03,1.18031,1.18046,1.1804
09/09/2020 17:02,1.18025,1.18035,1.18028
09/09/2020 17:01,1.18032,1.18033,1.18025
09/09/2020 17:00,1.18035,1.18046,1.18029
09/09/2020 16:59,1.18026,1.18037,1.18035
09/09/2020 16:58,1.18041,1.18041,1.18028
09/09/2020 16:57,1.18048,1.18055,1.18039
09/09/2020 16:56,1.18047,1.18052,1.1805
09/09/2020 16:55,1.18047,1.18057,1.18052
09/09/2020 16:54,1.18054,1.1806,1.18048
09/09/2020 16:53,1.18057,1.18067,1.18051
09/09/2020 16:52,1.18068,1.18074,1.18058
09/09/2020 16:51,1.18056,1.18077,1.18068
09/09/2020 16:50,1.1805,1.18057,1.18055
09/09/2020 16:49,1.18043,1.18051,1.18048
09/09/2020 16:48,1.18051,1.18051,1.18042
09/09/2020 16:47,1.18041,1.18053,1.18051
09/09/2020 16:46,1.18048,1.18049,1.18044
09/09/2020 16:45,1.18057,1.18059,1.18053
09/09/2020 16:44,1.18056,1.1806,1.18054
09/09/2020 16:43,1.18045,1.18057,1.18057
09/09/2020 16:42,1.18045,1.18049,1.18042
09/09/2020 16:41,1.18046,1.18052,1.18038
09/09/2020 16:40,1.18043,1.18056,1.18048
09/09/2020 16:39,1.18048,1.18054,1.18043
09/09/2020 16:38,1.18045,1.18052,1.1805
09/09/2020 16:37,1.18051,1.18052,1.18045
09/09/2020 16:36,1.18046,1.18055,1.18052
09/09/2020 16:35,1.18046,1.18047,1.18047
09/09/2020 16:34,1.18038,1.18045,1.18044
09/09/2020 16:33,1.18032,1.18038,1.18035
09/09/2020 16:32,1.18029,1.18036,1.18035
09/09/2020 16:31,1.18036,1.18039,1.18029
09/09/2020 16:30,1.18051,1.18052,1.18038
09/09/2020 16:29,1.18038,1.18058,1.18051
09/09/2020 16:28,1.18035,1.18039,1.18039
09/09/2020 16:27,1.1804,1.18051,1.1804
09/09/2020 16:26,1.18044,1.18057,1.1804
09/09/2020 16:25,1.18044,1.18056,1.18046
09/09/2020 16:24,1.18051,1.18053,1.18044
09/09/2020 16:23,1.18057,1.18065,1.18049
09/09/2020 16:22,1.18065,1.18065,1.18055
09/09/2020 16:21,1.18072,1.18073,1.18065
09/09/2020 16:20,1.1808,1.18091,1.18073
09/09/2020 16:19,1.18075,1.18082,1.18079
09/09/2020 16:18,1.18089,1.18091,1.18075
09/09/2020 16:17,1.18104,1.18115,1.18087
09/09/2020 16:16,1.18091,1.18104,1.18099
09/09/2020 16:15,1.18091,1.18094,1.18094
09/09/2020 16:14,1.18087,1.18108,1.18095
09/09/2020 16:13,1.18106,1.1811,1.1809
09/09/2020 16:12,1.18104,1.18108,1.18103
09/09/2020 16:11,1.18098,1.1811,1.18105
09/09/2020 16:10,1.18115,1.18117,1.18099
09/09/2020 16:09,1.18116,1.18119,1.18114
09/09/2020 16:08,1.18112,1.18121,1.18113
09/09/2020 16:07,1.18114,1.18121,1.18116
09/09/2020 16:06,1.18103,1.18123,1.18114
09/09/2020 16:05,1.18079,1.18103,1.18101
09/09/2020 16:04,1.18063,1.18085,1.18079
09/09/2020 16:03,1.18085,1.18095,1.18063
09/09/2020 16:02,1.18084,1.18102,1.18091
09/09/2020 16:01,1.18088,1.1809,1.18086
09/09/2020 16:00,1.18094,1.1811,1.18091
09/09/2020 15:59,1.18098,1.18103,1.18097
09/09/2020 15:58,1.1812,1.18123,1.18099
09/09/2020 15:57,1.18139,1.1814,1.18121
09/09/2020 15:56,1.18142,1.18145,1.18134
09/09/2020 15:55,1.18151,1.18152,1.18137
09/09/2020 15:54,1.18147,1.18157,1.1815
09/09/2020 15:53,1.1816,1.18163,1.18149
09/09/2020 15:52,1.18174,1.18176,1.18161
09/09/2020 15:51,1.18169,1.1818,1.18169
09/09/2020 15:50,1.18164,1.1818,1.18172
09/09/2020 15:49,1.1817,1.1818,1.18167
09/09/2020 15:48,1.18172,1.18179,1.18175
09/09/2020 15:47,1.18174,1.18186,1.18174
09/09/2020 15:46,1.1818,1.18181,1.18173
09/09/2020 15:45,1.1817,1.18181,1.18178
09/09/2020 15:44,1.18172,1.18178,1.1817
09/09/2020 15:43,1.18169,1.18174,1.18173
09/09/2020 15:42,1.18178,1.18181,1.18174
09/09/2020 15:41,1.1819,1.182,1.18177
09/09/2020 15:40,1.18198,1.18207,1.18189
09/09/2020 15:39,1.18199,1.18201,1.18195
09/09/2020 15:38,1.18182,1.18206,1.18198
09/09/2020 15:37,1.18178,1.1819,1.18183
09/09/2020 15:36,1.18189,1.18191,1.18178
09/09/2020 15:35,1.18204,1.18216,1.18189
09/09/2020 15:34,1.18183,1.18216,1.18207
09/09/2020 15:33,1.18181,1.18197,1.1818
09/09/2020 15:32,1.18188,1.18196,1.18185
09/09/2020 15:31,1.18187,1.18202,1.18185
09/09/2020 15:30,1.18182,1.18189,1.18185
09/09/2020 15:29,1.18169,1.18192,1.18185
09/09/2020 15:28,1.18183,1.18189,1.18169
09/09/2020 15:27,1.18204,1.18204,1.18186
09/09/2020 15:26,1.18212,1.1822,1.18203
09/09/2020 15:25,1.18201,1.18218,1.18209
09/09/2020 15:24,1.18209,1.18212,1.18198
09/09/2020 15:23,1.18182,1.18211,1.18207
09/09/2020 15:22,1.18164,1.1819,1.18184
09/09/2020 15:21,1.18162,1.18177,1.18166
09/09/2020 15:20,1.18148,1.18166,1.18166
09/09/2020 15:19,1.18176,1.18177,1.18148
09/09/2020 15:18,1.18183,1.18201,1.18174
09/09/2020 15:17,1.18189,1.182,1.1818
09/09/2020 15:16,1.18175,1.18195,1.18184
09/09/2020 15:15,1.1817,1.18179,1.18172
09/09/2020 15:14,1.18165,1.18177,1.18169
09/09/2020 15:13,1.18149,1.18163,1.18163
09/09/2020 15:12,1.18154,1.18172,1.18149
09/09/2020 15:11,1.1814,1.18173,1.18153
09/09/2020 15:10,1.18141,1.18158,1.18139
09/09/2020 15:09,1.18147,1.1816,1.18137
09/09/2020 15:08,1.18127,1.18148,1.18143
09/09/2020 15:07,1.18118,1.18135,1.18131
09/09/2020 15:06,1.18123,1.1813,1.18115
09/09/2020 15:05,1.18122,1.18126,1.18126
09/09/2020 15:04,1.18117,1.18128,1.18123
09/09/2020 15:03,1.18114,1.18126,1.18118
09/09/2020 15:02,1.18061,1.18129,1.1812
09/09/2020 15:01,1.18099,1.18115,1.18063
09/09/2020 15:00,1.18079,1.18116,1.18103
09/09/2020 14:59,1.18081,1.18091,1.18077
09/09/2020 14:58,1.18113,1.18135,1.18084
09/09/2020 14:57,1.18178,1.18178,1.18109
09/09/2020 14:56,1.18181,1.1821,1.18177
09/09/2020 14:55,1.18197,1.18203,1.18183
09/09/2020 14:54,1.18192,1.18213,1.18202
09/09/2020 14:53,1.18221,1.18225,1.18189
09/09/2020 14:52,1.18227,1.18244,1.1822
09/09/2020 14:51,1.18219,1.18248,1.18229
09/09/2020 14:50,1.18235,1.18247,1.1822
09/09/2020 14:49,1.1826,1.18275,1.18233
09/09/2020 14:48,1.18258,1.18267,1.18257
09/09/2020 14:47,1.18268,1.18272,1.18261
09/09/2020 14:46,1.18287,1.18293,1.18269
09/09/2020 14:45,1.1829,1.1834,1.18288
09/09/2020 14:44,1.18282,1.18301,1.18289
09/09/2020 14:43,1.1828,1.18283,1.18278
09/09/2020 14:42,1.18253,1.18282,1.18278
09/09/2020 14:41,1.18269,1.18288,1.18255
09/09/2020 14:40,1.18255,1.18273,1.18269
09/09/2020 14:39,1.18286,1.18286,1.18255
09/09/2020 14:38,1.18282,1.18302,1.18289
09/09/2020 14:37,1.18259,1.18284,1.18278
09/09/2020 14:36,1.18262,1.18274,1.18261
09/09/2020 14:35,1.18257,1.18272,1.1826
09/09/2020 14:34,1.18273,1.18284,1.18254
09/09/2020 14:33,1.18258,1.18291,1.18269
09/09/2020 14:32,1.18256,1.18273,1.18262
09/09/2020 14:31,1.1822,1.1826,1.18253
09/09/2020 14:30,1.18256,1.18264,1.18218
09/09/2020 14:29,1.18238,1.18281,1.18253
09/09/2020 14:28,1.18196,1.18253,1.18241
09/09/2020 14:27,1.18224,1.18224,1.18195
09/09/2020 14:26,1.18237,1.18252,1.18222
09/09/2020 14:25,1.18198,1.18239,1.18239
09/09/2020 14:24,1.18196,1.18224,1.18196
09/09/2020 14:23,1.18189,1.18209,1.18197
09/09/2020 14:22,1.18219,1.18235,1.18189
09/09/2020 14:21,1.18222,1.18224,1.18219
09/09/2020 14:20,1.18185,1.18227,1.18222
09/09/2020 14:19,1.18179,1.18193,1.18181
09/09/2020 14:18,1.18148,1.18209,1.18174
09/09/2020 14:17,1.18157,1.18171,1.18151
09/09/2020 14:16,1.18174,1.18206,1.18154
09/09/2020 14:15,1.18182,1.18206,1.18175
09/09/2020 14:14,1.18149,1.18217,1.1818
09/09/2020 14:13,1.18131,1.18151,1.1815
09/09/2020 14:12,1.18139,1.18149,1.18125
09/09/2020 14:11,1.18153,1.1817,1.1814
09/09/2020 14:10,1.18117,1.18167,1.1815
09/09/2020 14:09,1.18106,1.18145,1.18121
09/09/2020 14:08,1.18127,1.18136,1.18103
09/09/2020 14:07,1.18171,1.18173,1.1813
09/09/2020 14:06,1.18149,1.1818,1.18172
09/09/2020 14:05,1.18121,1.18153,1.18149
09/09/2020 14:04,1.1814,1.18147,1.18122
09/09/2020 14:03,1.18184,1.18184,1.18142
09/09/2020 14:02,1.18202,1.18204,1.18182
09/09/2020 14:01,1.18207,1.18242,1.18197
09/09/2020 14:00,1.18164,1.18223,1.18209
09/09/2020 13:59,1.18184,1.18185,1.1816
09/09/2020 13:58,1.18177,1.18198,1.18186
09/09/2020 13:57,1.18169,1.18181,1.18177
09/09/2020 13:56,1.18192,1.18192,1.18165
09/09/2020 13:55,1.18203,1.18208,1.18187
09/09/2020 13:54,1.18201,1.18246,1.18204
09/09/2020 13:53,1.18187,1.18208,1.18202
09/09/2020 13:52,1.18159,1.18215,1.18186
09/09/2020 13:51,1.18132,1.18168,1.18159
09/09/2020 13:50,1.18157,1.18159,1.18133
09/09/2020 13:49,1.18177,1.18183,1.18152
09/09/2020 13:48,1.18182,1.18213,1.18176
09/09/2020 13:47,1.18167,1.18186,1.1818
09/09/2020 13:46,1.1813,1.18179,1.18166
09/09/2020 13:45,1.18143,1.18168,1.1813
09/09/2020 13:44,1.18159,1.18169,1.18144
09/09/2020 13:43,1.18145,1.18166,1.18162
09/09/2020 13:42,1.18165,1.18173,1.18145
09/09/2020 13:41,1.18116,1.18167,1.18166
09/09/2020 13:40,1.1812,1.1813,1.18112
09/09/2020 13:39,1.18134,1.18151,1.1812
09/09/2020 13:38,1.18161,1.18164,1.18135
09/09/2020 13:37,1.18155,1.18174,1.18156
09/09/2020 13:36,1.18149,1.18164,1.18148
09/09/2020 13:35,1.18151,1.18162,1.18149
09/09/2020 13:34,1.18116,1.18164,1.1815
09/09/2020 13:33,1.18131,1.18144,1.18109
09/09/2020 13:32,1.18191,1.18199,1.18131
09/09/2020 13:31,1.18202,1.18224,1.18188
09/09/2020 13:30,1.18199,1.18213,1.18203
09/09/2020 13:29,1.182,1.18213,1.18198
09/09/2020 13:28,1.18198,1.18223,1.18201
09/09/2020 13:27,1.18247,1.18249,1.18201
09/09/2020 13:26,1.18169,1.1825,1.18243
09/09/2020 13:25,1.18183,1.18205,1.18168
09/09/2020 13:24,1.18176,1.18188,1.18182
09/09/2020 13:23,1.18162,1.18192,1.18172
09/09/2020 13:22,1.18147,1.18193,1.18164
09/09/2020 13:21,1.18131,1.18153,1.18146
09/09/2020 13:20,1.18177,1.18185,1.18131
09/09/2020 13:19,1.18194,1.18213,1.18176
09/09/2020 13:18,1.1821,1.18221,1.18196
09/09/2020 13:17,1.18136,1.18232,1.18208
09/09/2020 13:16,1.18146,1.18187,1.18134
09/09/2020 13:15,1.18117,1.18152,1.18144
09/09/2020 13:14,1.18122,1.1814,1.18113
09/09/2020 13:13,1.18114,1.18148,1.18122
09/09/2020 13:12,1.18132,1.18138,1.18115
09/09/2020 13:11,1.18127,1.18168,1.18132
09/09/2020 13:10,1.18077,1.18132,1.18129
09/09/2020 13:09,1.18027,1.18081,1.18075
09/09/2020 13:08,1.18004,1.18022,1.18022
09/09/2020 13:07,1.17995,1.1801,1.18
09/09/2020 13:06,1.18015,1.18027,1.17992
09/09/2020 13:05,1.18006,1.18028,1.18012
09/09/2020 13:04,1.17987,1.18019,1.1801
09/09/2020 13:03,1.17992,1.18004,1.17985
09/09/2020 13:02,1.17966,1.17998,1.17992
09/09/2020 13:01,1.17938,1.17976,1.17967
09/09/2020 13:00,1.17984,1.17989,1.17936
09/09/2020 12:59,1.18008,1.18008,1.17983
09/09/2020 12:58,1.17981,1.18007,1.18007
09/09/2020 12:57,1.18056,1.18066,1.17982
09/09/2020 12:56,1.18053,1.18092,1.18061
09/09/2020 12:55,1.18029,1.1808,1.18057
09/09/2020 12:54,1.18023,1.18049,1.18027
09/09/2020 12:53,1.18083,1.18084,1.18025
09/09/2020 12:52,1.18122,1.18146,1.18079
09/09/2020 12:51,1.1804,1.18132,1.18126
09/09/2020 12:50,1.18063,1.18199,1.18042
09/09/2020 12:49,1.17797,1.18105,1.18057
09/09/2020 12:48,1.17815,1.17824,1.178
09/09/2020 12:47,1.17821,1.17827,1.17812
09/09/2020 12:46,1.17827,1.1783,1.17821
09/09/2020 12:45,1.17832,1.17837,1.17828
09/09/2020 12:44,1.17812,1.17835,1.17833
09/09/2020 12:43,1.17802,1.17824,1.17812
09/09/2020 12:42,1.17817,1.17817,1.17801
09/09/2020 12:41,1.17796,1.17817,1.17817
09/09/2020 12:40,1.17786,1.17798,1.17794
09/09/2020 12:39,1.17783,1.17788,1.17787
09/09/2020 12:38,1.17805,1.17805,1.17779
09/09/2020 12:37,1.17821,1.17825,1.17803
09/09/2020 12:36,1.17827,1.17849,1.17815
09/09/2020 12:35,1.17775,1.17828,1.17828
09/09/2020 12:34,1.17763,1.17784,1.17775
09/09/2020 12:33,1.17776,1.17783,1.17761
09/09/2020 12:32,1.17777,1.17783,1.17769
09/09/2020 12:31,1.17748,1.17783,1.17777
09/09/2020 12:30,1.17753,1.17772,1.17751
09/09/2020 12:29,1.17742,1.17761,1.17756
09/09/2020 12:28,1.17737,1.17753,1.17742
09/09/2020 12:27,1.17741,1.17757,1.17739
09/09/2020 12:26,1.17712,1.17749,1.17738
09/09/2020 12:25,1.17686,1.17713,1.17713
09/09/2020 12:24,1.17682,1.1769,1.17682
09/09/2020 12:23,1.17663,1.17699,1.17684
09/09/2020 12:22,1.1769,1.17697,1.17658
09/09/2020 12:21,1.1772,1.17723,1.17692
09/09/2020 12:20,1.17719,1.17727,1.17721
09/09/2020 12:19,1.17739,1.17748,1.17717
09/09/2020 12:18,1.17721,1.17748,1.17737
09/09/2020 12:17,1.17693,1.17723,1.1772
09/09/2020 12:16,1.17716,1.17719,1.17695
09/09/2020 12:15,1.17727,1.17727,1.17712
09/09/2020 12:14,1.17746,1.17747,1.17724
09/09/2020 12:13,1.17683,1.17746,1.17742
09/09/2020 12:12,1.17717,1.17723,1.17687
09/09/2020 12:11,1.17723,1.17724,1.17717
09/09/2020 12:10,1.17718,1.17727,1.17722
09/09/2020 12:09,1.17722,1.17737,1.17722
09/09/2020 12:08,1.17731,1.1775,1.17721
09/09/2020 12:07,1.17734,1.17755,1.17731
09/09/2020 12:06,1.17732,1.1774,1.17734
09/09/2020 12:05,1.17761,1.17787,1.17735
09/09/2020 12:04,1.17735,1.17794,1.17765
09/09/2020 12:03,1.17701,1.17741,1.17733
09/09/2020 12:02,1.17663,1.17699,1.17695
09/09/2020 12:01,1.1766,1.17685,1.17669
09/09/2020 12:00,1.17671,1.17717,1.1766
09/09/2020 11:59,1.17655,1.17675,1.17671
09/09/2020 11:58,1.17678,1.17678,1.17659
09/09/2020 11:57,1.17646,1.17685,1.17679
09/09/2020 11:56,1.17646,1.17649,1.1764
09/09/2020 11:55,1.17627,1.17649,1.17644
09/09/2020 11:54,1.17632,1.17638,1.17624
09/09/2020 11:53,1.17638,1.17638,1.17633
09/09/2020 11:52,1.17626,1.17643,1.17636
09/09/2020 11:51,1.17613,1.17633,1.17629
09/09/2020 11:50,1.17589,1.17619,1.17618
09/09/2020 11:49,1.1756,1.17586,1.17586
09/09/2020 11:48,1.1759,1.17595,1.17561
09/09/2020 11:47,1.17622,1.17623,1.17593
09/09/2020 11:46,1.17633,1.17641,1.17626
09/09/2020 11:45,1.17629,1.17646,1.17629
09/09/2020 11:44,1.17628,1.17642,1.17627
09/09/2020 11:43,1.17646,1.17648,1.17627
09/09/2020 11:42,1.17642,1.17651,1.17648
09/09/2020 11:41,1.17655,1.17656,1.17641
09/09/2020 11:40,1.17617,1.17666,1.17658
09/09/2020 11:39,1.17641,1.17645,1.17617
09/09/2020 11:38,1.17596,1.17642,1.17636
09/09/2020 11:37,1.1761,1.17615,1.17598
09/09/2020 11:36,1.17612,1.17615,1.17605
09/09/2020 11:35,1.176,1.1762,1.17611
09/09/2020 11:34,1.17597,1.17613,1.17599
09/09/2020 11:33,1.17578,1.17601,1.17596
09/09/2020 11:32,1.17558,1.17589,1.17579
09/09/2020 11:31,1.17587,1.17593,1.17555
09/09/2020 11:30,1.17629,1.17629,1.17587
09/09/2020 11:29,1.17623,1.17635,1.17631
09/09/2020 11:28,1.17641,1.17647,1.17627
09/09/2020 11:27,1.1764,1.17654,1.17642
09/09/2020 11:26,1.17654,1.17656,1.17639
09/09/2020 11:25,1.17658,1.17665,1.17654
09/09/2020 11:24,1.17672,1.17698,1.17656
09/09/2020 11:23,1.17671,1.17694,1.17675
09/09/2020 11:22,1.17665,1.17676,1.17675
09/09/2020 11:21,1.17661,1.1767,1.17664
09/09/2020 11:20,1.17658,1.17678,1.17664
09/09/2020 11:19,1.17627,1.17664,1.17656
09/09/2020 11:18,1.17609,1.17636,1.17628
09/09/2020 11:17,1.17587,1.17608,1.17608
09/09/2020 11:16,1.1757,1.17591,1.17589
09/09/2020 11:15,1.17577,1.17579,1.17571
09/09/2020 11:14,1.17579,1.17582,1.17575
09/09/2020 11:13,1.17579,1.17584,1.17574
09/09/2020 11:12,1.17586,1.17598,1.17575
09/09/2020 11:11,1.17606,1.17608,1.1759
09/09/2020 11:10,1.17615,1.17618,1.17605
09/09/2020 11:09,1.17612,1.1762,1.17615
09/09/2020 11:08,1.17588,1.17613,1.1761
09/09/2020 11:07,1.17573,1.17595,1.17588
09/09/2020 11:06,1.17604,1.17604,1.17569
09/09/2020 11:05,1.17573,1.17612,1.17603
09/09/2020 11:04,1.17534,1.17574,1.17573
09/09/2020 11:03,1.17548,1.17551,1.17534
09/09/2020 11:02,1.17569,1.17584,1.17547
09/09/2020 11:01,1.17563,1.17573,1.17569
09/09/2020 11:00,1.17549,1.17568,1.17565
09/09/2020 10:59,1.17551,1.1757,1.17552
09/09/2020 10:58,1.17577,1.17581,1.17555
09/09/2020 10:57,1.17581,1.17596,1.17577
09/09/2020 10:56,1.1758,1.17586,1.17586
09/09/2020 10:55,1.17561,1.17584,1.17577
09/09/2020 10:54,1.17554,1.17561,1.17556
09/09/2020 10:53,1.17553,1.17564,1.17552
09/09/2020 10:52,1.17557,1.17562,1.17552
09/09/2020 10:51,1.17561,1.17582,1.17556
09/09/2020 10:50,1.17563,1.17565,1.17561
09/09/2020 10:49,1.17551,1.17566,1.17563
09/09/2020 10:48,1.17571,1.17573,1.1755
09/09/2020 10:47,1.17571,1.17578,1.17573
09/09/2020 10:46,1.17568,1.17583,1.17567
09/09/2020 10:45,1.17555,1.17572,1.17569
09/09/2020 10:44,1.17557,1.1758,1.17557
09/09/2020 10:43,1.17563,1.17564,1.17555
09/09/2020 10:42,1.17557,1.17565,1.17563
09/09/2020 10:41,1.17548,1.17569,1.17557
09/09/2020 10:40,1.17581,1.17583,1.17551
09/09/2020 10:39,1.17577,1.17588,1.17584
09/09/2020 10:38,1.17574,1.17597,1.17573
09/09/2020 10:37,1.17563,1.17576,1.17575
09/09/2020 10:36,1.1758,1.1758,1.17565
09/09/2020 10:35,1.17598,1.17599,1.17576
09/09/2020 10:34,1.17612,1.17612,1.17598
09/09/2020 10:33,1.17569,1.17618,1.17614
09/09/2020 10:32,1.17574,1.17575,1.17568
09/09/2020 10:31,1.17571,1.17576,1.17574
09/09/2020 10:30,1.17575,1.17583,1.17569
09/09/2020 10:29,1.17582,1.17584,1.17573
09/09/2020 10:28,1.17583,1.17585,1.17579
09/09/2020 10:27,1.17592,1.17597,1.1758
09/09/2020 10:26,1.17619,1.17621,1.17592
09/09/2020 10:25,1.17619,1.17622,1.17617
09/09/2020 10:24,1.1762,1.17624,1.17619
09/09/2020 10:23,1.17621,1.17623,1.17618
09/09/2020 10:22,1.17613,1.17623,1.17617
09/09/2020 10:21,1.17621,1.17622,1.17614
09/09/2020 10:20,1.1762,1.17624,1.17617
09/09/2020 10:19,1.17623,1.17625,1.17619
09/09/2020 10:18,1.17625,1.17625,1.17618
09/09/2020 10:17,1.17622,1.17626,1.17622
09/09/2020 10:16,1.17614,1.17624,1.17622
09/09/2020 10:15,1.17636,1.17637,1.17619
09/09/2020 10:14,1.17633,1.17637,1.17635
09/09/2020 10:13,1.17635,1.17639,1.17637
09/09/2020 10:12,1.17628,1.17638,1.17634
09/09/2020 10:11,1.1765,1.17661,1.17632
09/09/2020 10:10,1.17654,1.17656,1.17654
09/09/2020 10:09,1.17645,1.17654,1.17652
09/09/2020 10:08,1.17644,1.1765,1.17648
09/09/2020 10:07,1.17639,1.17651,1.17646
09/09/2020 10:06,1.17638,1.17644,1.17639
09/09/2020 10:05,1.17631,1.17645,1.17638
09/09/2020 10:04,1.17633,1.17648,1.17634
09/09/2020 10:03,1.17661,1.17662,1.17634
09/09/2020 10:02,1.1766,1.17673,1.17656
09/09/2020 10:01,1.17657,1.17666,1.17664
09/09/2020 10:00,1.17673,1.17673,1.17655
09/09/2020 09:59,1.17687,1.17688,1.17673
09/09/2020 09:58,1.17683,1.17694,1.17682
09/09/2020 09:57,1.177,1.17702,1.17685
09/09/2020 09:56,1.17729,1.17729,1.17701
09/09/2020 09:55,1.17728,1.17733,1.17729
09/09/2020 09:54,1.1773,1.17733,1.17729
09/09/2020 09:53,1.17728,1.17739,1.17729
09/09/2020 09:52,1.1774,1.17746,1.17728
09/09/2020 09:51,1.17746,1.17748,1.17741
09/09/2020 09:50,1.17726,1.17749,1.17744
09/09/2020 09:49,1.17723,1.17733,1.17729
09/09/2020 09:48,1.17718,1.17745,1.17722
09/09/2020 09:47,1.17735,1.17741,1.17716
09/09/2020 09:46,1.17735,1.17756,1.17735
09/09/2020 09:45,1.17709,1.17753,1.17736
09/09/2020 09:44,1.17695,1.17716,1.17706
09/09/2020 09:43,1.17646,1.17697,1.17697
09/09/2020 09:42,1.17666,1.1767,1.17645
09/09/2020 09:41,1.17661,1.17672,1.17662
09/09/2020 09:40,1.17659,1.17671,1.17664
09/09/2020 09:39,1.17664,1.17695,1.17658
09/09/2020 09:38,1.17684,1.17689,1.17668
09/09/2020 09:37,1.17697,1.17698,1.17682
09/09/2020 09:36,1.17694,1.17699,1.17694
09/09/2020 09:35,1.17692,1.17697,1.17694
09/09/2020 09:34,1.1769,1.17701,1.17692
09/09/2020 09:33,1.17686,1.17704,1.17691
09/09/2020 09:32,1.17687,1.17691,1.17691
09/09/2020 09:31,1.17666,1.17693,1.17686
09/09/2020 09:30,1.17694,1.17701,1.17668
09/09/2020 09:29,1.17676,1.17692,1.17692
09/09/2020 09:28,1.17667,1.1768,1.17671
09/09/2020 09:27,1.17656,1.17671,1.17667
09/09/2020 09:26,1.17631,1.17656,1.17652
09/09/2020 09:25,1.17651,1.17662,1.17629
09/09/2020 09:24,1.17638,1.1766,1.17649
09/09/2020 09:23,1.17618,1.1764,1.1764
09/09/2020 09:22,1.17625,1.17632,1.17619
09/09/2020 09:21,1.17628,1.1763,1.17624
09/09/2020 09:20,1.17625,1.17637,1.17628
09/09/2020 09:19,1.17631,1.17654,1.17626
09/09/2020 09:18,1.17618,1.1763,1.1763
09/09/2020 09:17,1.17632,1.17632,1.17624
09/09/2020 09:16,1.17651,1.1766,1.17628
09/09/2020 09:15,1.17661,1.1767,1.17657
09/09/2020 09:14,1.17672,1.17672,1.1766
09/09/2020 09:13,1.17634,1.17674,1.17669
09/09/2020 09:12,1.17626,1.17639,1.17636
09/09/2020 09:11,1.17626,1.17631,1.17624
09/09/2020 09:10,1.17621,1.1763,1.1763
09/09/2020 09:09,1.17626,1.17632,1.17619
09/09/2020 09:08,1.17623,1.17637,1.17624
09/09/2020 09:07,1.1762,1.17628,1.17623
09/09/2020 09:06,1.17632,1.17634,1.17624
09/09/2020 09:05,1.1761,1.17636,1.17636
09/09/2020 09:04,1.17604,1.17619,1.17613
09/09/2020 09:03,1.17596,1.17614,1.17599
09/09/2020 09:02,1.17601,1.1761,1.17594
09/09/2020 09:01,1.17629,1.17629,1.176
09/09/2020 09:00,1.17635,1.17655,1.17627
09/09/2020 08:59,1.17649,1.17655,1.17635
09/09/2020 08:58,1.17661,1.17676,1.17649
09/09/2020 08:57,1.17667,1.17673,1.17664
09/09/2020 08:56,1.17684,1.17704,1.17668
09/09/2020 08:55,1.17675,1.1769,1.17681
09/09/2020 08:54,1.17685,1.17689,1.17674
09/09/2020 08:53,1.17684,1.17696,1.17687
09/09/2020 08:52,1.17681,1.17692,1.17683
09/09/2020 08:51,1.17672,1.1769,1.17681
09/09/2020 08:50,1.1768,1.17691,1.17674
09/09/2020 08:49,1.17681,1.17698,1.17682
09/09/2020 08:48,1.1767,1.17692,1.17685
09/09/2020 08:47,1.17683,1.17698,1.17673
09/09/2020 08:46,1.17707,1.17718,1.1768
09/09/2020 08:45,1.17677,1.17711,1.17709
09/09/2020 08:44,1.17694,1.17699,1.17681
09/09/2020 08:43,1.17712,1.1772,1.17691
09/09/2020 08:42,1.17726,1.17738,1.17714
09/09/2020 08:41,1.17675,1.17726,1.17723
09/09/2020 08:40,1.17683,1.17684,1.17673
09/09/2020 08:39,1.17682,1.17688,1.17682
09/09/2020 08:38,1.17683,1.177,1.17682
09/09/2020 08:37,1.17699,1.17706,1.17682
09/09/2020 08:36,1.17692,1.17703,1.17703
09/09/2020 08:35,1.17717,1.1772,1.17696
09/09/2020 08:34,1.17695,1.17717,1.17717
09/09/2020 08:33,1.17696,1.17717,1.17699
09/09/2020 08:32,1.17738,1.17741,1.17696
09/09/2020 08:31,1.17747,1.1775,1.17741
09/09/2020 08:30,1.17763,1.17766,1.17746
09/09/2020 08:29,1.17743,1.1777,1.1776
09/09/2020 08:28,1.17735,1.17745,1.17738
09/09/2020 08:27,1.17709,1.17737,1.17733
09/09/2020 08:26,1.17711,1.1772,1.17713
09/09/2020 08:25,1.17699,1.17724,1.17708
09/09/2020 08:24,1.1772,1.17729,1.17698
09/09/2020 08:23,1.17736,1.17746,1.17722
09/09/2020 08:22,1.17716,1.17746,1.17739
09/09/2020 08:21,1.1772,1.17731,1.17717
09/09/2020 08:20,1.17746,1.17755,1.17718
09/09/2020 08:19,1.17746,1.17759,1.17748
09/09/2020 08:18,1.17785,1.17789,1.17749
09/09/2020 08:17,1.17761,1.17799,1.17786
09/09/2020 08:16,1.1774,1.17766,1.17762
09/09/2020 08:15,1.17769,1.17775,1.1774
09/09/2020 08:14,1.17781,1.17781,1.17766
09/09/2020 08:13,1.17757,1.17799,1.17783
09/09/2020 08:12,1.17794,1.17795,1.17761
09/09/2020 08:11,1.17793,1.17796,1.17793
09/09/2020 08:10,1.17801,1.17816,1.17789
09/09/2020 08:09,1.17773,1.17811,1.17805
09/09/2020 08:08,1.17796,1.17804,1.17772
09/09/2020 08:07,1.17818,1.17822,1.17793
09/09/2020 08:06,1.17829,1.1783,1.1782
09/09/2020 08:05,1.17825,1.17847,1.17829
09/09/2020 08:04,1.1785,1.1785,1.17825
09/09/2020 08:03,1.17798,1.17876,1.1785
09/09/2020 08:02,1.1778,1.17816,1.17801
09/09/2020 08:01,1.17727,1.17784,1.17778
09/09/2020 08:00,1.17745,1.17745,1.1773
09/09/2020 07:59,1.1774,1.17748,1.17745
09/09/2020 07:58,1.17727,1.17741,1.17738
09/09/2020 07:57,1.17715,1.17748,1.17728
09/09/2020 07:56,1.1771,1.17725,1.17713
09/09/2020 07:55,1.17718,1.17736,1.17709
09/09/2020 07:54,1.17716,1.17731,1.17719
09/09/2020 07:53,1.17721,1.17733,1.17716
09/09/2020 07:52,1.17711,1.17741,1.17723
09/09/2020 07:51,1.17747,1.17749,1.17711
09/09/2020 07:50,1.17738,1.17754,1.17747
09/09/2020 07:49,1.17741,1.17744,1.17739
09/09/2020 07:48,1.17723,1.17743,1.17738
09/09/2020 07:47,1.17717,1.17737,1.17724
09/09/2020 07:46,1.17747,1.17751,1.17716
09/09/2020 07:45,1.17727,1.17752,1.17751
09/09/2020 07:44,1.17722,1.17734,1.17732
09/09/2020 07:43,1.17721,1.17723,1.1772
09/09/2020 07:42,1.17727,1.17732,1.1772
09/09/2020 07:41,1.17761,1.17763,1.17725
09/09/2020 07:40,1.17742,1.17765,1.17759
09/09/2020 07:39,1.17767,1.17773,1.17739
09/09/2020 07:38,1.17781,1.17783,1.17765
09/09/2020 07:37,1.17768,1.17793,1.17784
09/09/2020 07:36,1.17757,1.17772,1.17764
09/09/2020 07:35,1.17738,1.17768,1.17758
09/09/2020 07:34,1.17718,1.17745,1.17737
09/09/2020 07:33,1.17728,1.17733,1.17717
09/09/2020 07:32,1.17743,1.17748,1.17727
09/09/2020 07:31,1.17727,1.17748,1.17745
09/09/2020 07:30,1.17733,1.17745,1.17726
09/09/2020 07:29,1.17727,1.17746,1.17733
09/09/2020 07:28,1.17722,1.17732,1.17728
09/09/2020 07:27,1.1775,1.17754,1.17726
09/09/2020 07:26,1.17761,1.17766,1.17749
09/09/2020 07:25,1.17746,1.17767,1.17765
09/09/2020 07:24,1.17772,1.17776,1.17745
09/09/2020 07:23,1.17754,1.1778,1.17769
09/09/2020 07:22,1.1774,1.17772,1.17755
09/09/2020 07:21,1.1776,1.17767,1.17741
09/09/2020 07:20,1.17748,1.17769,1.17763
09/09/2020 07:19,1.17727,1.17753,1.17747
09/09/2020 07:18,1.17728,1.17744,1.17729
09/09/2020 07:17,1.17737,1.17749,1.17729
09/09/2020 07:16,1.17753,1.17759,1.17737
09/09/2020 07:15,1.17733,1.17767,1.17753
09/09/2020 07:14,1.17713,1.17748,1.17734
09/09/2020 07:13,1.17704,1.17733,1.17711
09/09/2020 07:12,1.17667,1.17707,1.17704
09/09/2020 07:11,1.17673,1.17674,1.17668
09/09/2020 07:10,1.17664,1.17678,1.17674
09/09/2020 07:09,1.17684,1.17694,1.17665
09/09/2020 07:08,1.17687,1.1769,1.17681
09/09/2020 07:07,1.17691,1.17694,1.17687
09/09/2020 07:06,1.1768,1.17699,1.17689
09/09/2020 07:05,1.17688,1.17705,1.17686
09/09/2020 07:04,1.17696,1.17703,1.17686
09/09/2020 07:03,1.17711,1.17711,1.17697
09/09/2020 07:02,1.17726,1.17735,1.17707
09/09/2020 07:01,1.17669,1.17723,1.17721
09/09/2020 07:00,1.17663,1.17675,1.17669
09/09/2020 06:59,1.17645,1.1767,1.17664
09/09/2020 06:58,1.1763,1.17656,1.17647
09/09/2020 06:57,1.17618,1.17637,1.1763
09/09/2020 06:56,1.17614,1.17625,1.17619
09/09/2020 06:55,1.17639,1.17642,1.17611
09/09/2020 06:54,1.17644,1.17647,1.1764
09/09/2020 06:53,1.17651,1.17654,1.17642
09/09/2020 06:52,1.17661,1.17671,1.17657
09/09/2020 06:51,1.17671,1.17675,1.17661
09/09/2020 06:50,1.17663,1.1767,1.17668
09/09/2020 06:49,1.17649,1.17668,1.17663
09/09/2020 06:48,1.17662,1.17662,1.17648
09/09/2020 06:47,1.17646,1.17664,1.17661
09/09/2020 06:46,1.17645,1.1765,1.17643
09/09/2020 06:45,1.17615,1.17648,1.17645
09/09/2020 06:44,1.17641,1.17641,1.17618
09/09/2020 06:43,1.17625,1.17644,1.17637
09/09/2020 06:42,1.17611,1.17629,1.17629
09/09/2020 06:41,1.17624,1.17632,1.17611
09/09/2020 06:40,1.17623,1.17634,1.17628
09/09/2020 06:39,1.17659,1.17662,1.17624
09/09/2020 06:38,1.17673,1.17685,1.17658
09/09/2020 06:37,1.17668,1.17685,1.17674
09/09/2020 06:36,1.17681,1.17692,1.17668
09/09/2020 06:35,1.17646,1.17685,1.17683
09/09/2020 06:34,1.17677,1.17677,1.17645
09/09/2020 06:33,1.17691,1.17698,1.17675
09/09/2020 06:32,1.17692,1.17695,1.17691
09/09/2020 06:31,1.1768,1.17695,1.17689
09/09/2020 06:30,1.17679,1.17689,1.17679
09/09/2020 06:29,1.17659,1.17681,1.1768
09/09/2020 06:28,1.17666,1.17671,1.17656
09/09/2020 06:27,1.17687,1.17692,1.1767
09/09/2020 06:26,1.17676,1.17695,1.17691
09/09/2020 06:25,1.17667,1.17675,1.17674
09/09/2020 06:24,1.1765,1.17674,1.17662
09/09/2020 06:23,1.17639,1.17654,1.17649
09/09/2020 06:22,1.17648,1.17656,1.17639
09/09/2020 06:21,1.17649,1.17657,1.17649
09/09/2020 06:20,1.17662,1.17674,1.17652
09/09/2020 06:19,1.1766,1.17669,1.17657
09/09/2020 06:18,1.17663,1.1768,1.17663
09/09/2020 06:17,1.17694,1.17694,1.1766
09/09/2020 06:16,1.17701,1.17712,1.17695
09/09/2020 06:15,1.17712,1.17725,1.17708
09/09/2020 06:14,1.17714,1.17718,1.17707
09/09/2020 06:13,1.17715,1.17721,1.17717
09/09/2020 06:12,1.17719,1.17739,1.17716
09/09/2020 06:11,1.1772,1.17739,1.17718
09/09/2020 06:10,1.17743,1.17755,1.17723
09/09/2020 06:09,1.1777,1.17772,1.17747
09/09/2020 06:08,1.17793,1.17797,1.17769
09/09/2020 06:07,1.17796,1.178,1.17797
09/09/2020 06:06,1.17803,1.17806,1.17797
09/09/2020 06:05,1.178,1.17808,1.178
09/09/2020 06:04,1.17783,1.17802,1.17802
09/09/2020 06:03,1.17785,1.17796,1.1778
09/09/2020 06:02,1.17751,1.17787,1.17784
09/09/2020 06:01,1.17753,1.17755,1.17754
09/09/2020 06:00,1.17804,1.17804,1.17749
09/09/2020 05:59,1.17797,1.17808,1.17802
09/09/2020 05:58,1.17792,1.17801,1.17796
09/09/2020 05:57,1.1779,1.17796,1.17793
09/09/2020 05:56,1.17796,1.17801,1.17791
09/09/2020 05:55,1.17797,1.17799,1.17796
09/09/2020 05:54,1.17793,1.17804,1.17796
09/09/2020 05:53,1.17798,1.17801,1.17794
09/09/2020 05:52,1.17796,1.17801,1.17801
09/09/2020 05:51,1.17801,1.17807,1.17798
09/09/2020 05:50,1.17791,1.17805,1.17802
09/09/2020 05:49,1.178,1.17802,1.17791
09/09/2020 05:48,1.17797,1.17803,1.178
09/09/2020 05:47,1.17794,1.17809,1.17799
09/09/2020 05:46,1.17794,1.17804,1.17793
09/09/2020 05:45,1.17789,1.178,1.17794
09/09/2020 05:44,1.17796,1.17797,1.17793
09/09/2020 05:43,1.17802,1.17802,1.17792
09/09/2020 05:42,1.17809,1.17809,1.17804
09/09/2020 05:41,1.17812,1.17813,1.17809
09/09/2020 05:40,1.1782,1.17824,1.17812
09/09/2020 05:39,1.17815,1.17824,1.1782
09/09/2020 05:38,1.17813,1.17816,1.17813
09/09/2020 05:37,1.1781,1.17813,1.17809
09/09/2020 05:36,1.17798,1.17812,1.17807
09/09/2020 05:35,1.17798,1.17804,1.17803
09/09/2020 05:34,1.17799,1.17802,1.17797
09/09/2020 05:33,1.17811,1.17813,1.17796
09/09/2020 05:32,1.17792,1.17814,1.17805
09/09/2020 05:31,1.17794,1.17805,1.17791
09/09/2020 05:30,1.17802,1.1781,1.17796
09/09/2020 05:29,1.17815,1.17818,1.17802
09/09/2020 05:28,1.1782,1.1782,1.17816
09/09/2020 05:27,1.17821,1.17823,1.17816
09/09/2020 05:26,1.1781,1.17827,1.17818
09/09/2020 05:25,1.17817,1.17818,1.17813
09/09/2020 05:24,1.17814,1.17819,1.17819
09/09/2020 05:23,1.17806,1.17821,1.17815
09/09/2020 05:22,1.17795,1.17812,1.17805
09/09/2020 05:21,1.17788,1.17799,1.17797
09/09/2020 05:20,1.17791,1.17793,1.17787
09/09/2020 05:19,1.17791,1.17793,1.17788
09/09/2020 05:18,1.17788,1.17793,1.17793
09/09/2020 05:17,1.17788,1.17794,1.1779
09/09/2020 05:16,1.17794,1.17795,1.17787
09/09/2020 05:15,1.178,1.17804,1.17794
09/09/2020 05:14,1.17805,1.17809,1.178
09/09/2020 05:13,1.17799,1.17805,1.17802
09/09/2020 05:12,1.1781,1.17812,1.17801
09/09/2020 05:11,1.17803,1.17814,1.17811
09/09/2020 05:10,1.17799,1.17807,1.17806
09/09/2020 05:09,1.17805,1.17805,1.17801
09/09/2020 05:08,1.17793,1.17808,1.17802
09/09/2020 05:07,1.17802,1.17804,1.17794
09/09/2020 05:06,1.17799,1.17802,1.17802
09/09/2020 05:05,1.17787,1.17801,1.17797
09/09/2020 05:04,1.17799,1.17802,1.1779
09/09/2020 05:03,1.17786,1.17805,1.178
09/09/2020 05:02,1.17787,1.1779,1.17788
09/09/2020 05:01,1.17785,1.17797,1.17788
09/09/2020 05:00,1.17787,1.17794,1.17782
09/09/2020 04:59,1.17783,1.17791,1.17787
09/09/2020 04:58,1.17786,1.17787,1.17783
09/09/2020 04:57,1.17781,1.17792,1.17781
09/09/2020 04:56,1.17775,1.17782,1.17778
09/09/2020 04:55,1.17772,1.17777,1.17775
09/09/2020 04:54,1.17776,1.17778,1.17774
09/09/2020 04:53,1.17769,1.17776,1.17773
09/09/2020 04:52,1.17768,1.17775,1.17773
09/09/2020 04:51,1.17772,1.17777,1.17771
09/09/2020 04:50,1.1777,1.17777,1.17773
09/09/2020 04:49,1.17766,1.17777,1.17774
09/09/2020 04:48,1.17766,1.17777,1.17766
09/09/2020 04:47,1.17771,1.17777,1.17767
09/09/2020 04:46,1.17787,1.1779,1.17774
09/09/2020 04:45,1.17792,1.17799,1.17784
09/09/2020 04:44,1.17789,1.17794,1.17792
09/09/2020 04:43,1.17788,1.17793,1.1779
09/09/2020 04:42,1.17806,1.17809,1.17788
09/09/2020 04:41,1.17805,1.17815,1.17807
09/09/2020 04:40,1.17809,1.17818,1.17807
